STAT,mean,stddev,min,max,median
mean,-0.00819885238306593,0.008263436072151603,-0.0188957899808883,0.0053857872262597,-0.010426036082208101
variance,0.17755349259823558,0.12656192218922716,0.0190490502864122,0.4536009728908539,0.16260340809822077
median,0.0,0.0,0.0,0.0,0.0
min,-14.37650146484375,6.897470477279107,-24.71923828125,-4.3634033203125,-16.43560791015625
max,11.36541748046875,3.6690749624201477,5.9893798828125,17.033203125,10.4384765625
stddev,0.39529315680265426,0.1538282233621717,0.1380182951688766,0.6734990477561951,0.40278422832489014
RMS,0.3954251065850258,0.1539156803330048,0.1380297690629959,0.6737638115882874,0.40295708179473877
L2,484.2806564331055,188.50062379466257,169.04783630371094,825.16357421875,493.5054626464844
