STAT,mean,stddev,min,max,median
mean,-0.00336642996117004,0.007855913100744035,-0.0184671636670827,0.012868364341557,-0.00263040815480045
variance,0.16930747628211973,0.13767440223797822,0.0213269405066967,0.4229311048984527,0.10730927065014835
median,0.0,0.0,0.0,0.0,0.0
min,-17.1621826171875,9.293269888700584,-37.552978515625,-5.123291015625,-14.57159423828125
max,10.44259033203125,3.2920311704098038,6.0330810546875,15.3990478515625,11.06884765625
stddev,0.38169489800930023,0.1619893039336319,0.1460374593734741,0.6503315567970276,0.3274788558483124
RMS,0.38175814747810366,0.16205266607519891,0.1460442841053009,0.6504586338996887,0.327544242143631
L2,467.54148254394534,198.4663342388963,178.86407470703125,796.620849609375,401.14320373535156
