STAT,mean,stddev,min,max,median
mean,0.0004532545960197665,0.005427447163041095,-0.0057663819752633,0.0042296112515032,0.0028965345118194
variance,0.04976518327991163,0.01678051884202875,0.0365523919463157,0.0686456337571144,0.0440975241363048
median,0.0,0.0,0.0,0.0,0.0
min,-11.132405598958334,2.2599161779861325,-13.6663818359375,-9.3255615234375,-10.4052734375
max,5.547159830729167,1.070657975994894,4.4141845703125,6.5421142578125,5.6851806640625
stddev,0.22106134394804636,0.03668243038179171,0.1911868005990982,0.2620031237602234,0.2099941074848175
RMS,0.2211046566565831,0.03669575268024579,0.1912335157394409,0.2620664536952972,0.2100140005350113
L2,270.7902323404948,44.94087134707045,234.20681762695312,320.9554748535156,257.2084045410156
