STAT,mean,stddev,min,max,median
mean,-0.007823059533257001,0.005793099615997043,-0.0187656320631504,0.001246657106094,-0.00720663648098705
variance,0.16160060986876484,0.09043250215940235,0.0711841210722923,0.3399177491664886,0.1212197877466678
median,0.0,0.0,0.0,0.0,0.0
min,-12.31531982421875,4.457162975449095,-19.5799560546875,-6.518798828125,-12.035400390625
max,10.90472412109375,2.9549800563501156,7.2322998046875,15.86474609375,10.62384033203125
stddev,0.3886739820241928,0.10818267794223461,0.2668035328388214,0.5830246210098267,0.34778986871242523
RMS,0.38877556920051576,0.10824593541096433,0.2669525146484375,0.5833263993263245,0.3478642404079437
L2,476.13775939941405,132.56985756430132,326.94293212890625,714.4063720703125,426.03016662597656
