STAT,mean,stddev,min,max,median
mean,-0.011606301491459166,0.0037991544428325097,-0.0143232261762022,-0.0072650024667382,-0.0132306758314371
variance,0.22140599042177198,0.13913159426874122,0.1079237982630729,0.3766303062438965,0.1796638667583465
median,0.0,0.0,0.0,0.0,0.0
min,-12.903076171875,2.6379523662231663,-15.343505859375,-10.104248046875,-13.261474609375
max,14.162923177083334,8.79488428988704,9.067138671875,24.318359375,9.103271484375
stddev,0.4553624888261159,0.14517745258754586,0.3285175859928131,0.613702118396759,0.4238677620887756
RMS,0.4555136164029439,0.1452110631598623,0.3285977840423584,0.6138690114021301,0.4240740537643432
L2,557.8735758463541,177.84051552630135,402.4366455078125,751.8106689453125,519.3734130859375
